{
  "initial": {
    "alpha": 1,
    "offset": [
      679.805,
      175.84
    ],
    "angle": -10,
    "scale": [
      0.17488529340739,
      0.174889775351669
    ]
  },
  "differential": [
    "leafs",
    [
      "inbetween",
      {
        "alpha": 1,
        "offset": [
          0.00499999999999545,
          -28.13
        ],
        "angle": 0,
        "scale": [
          1,
          1
        ]
      }
    ]
  ]
}