{
    "initial": {
        "alpha": 0,
        "offset": [
            0,
            -74
        ],
        "angle": 0,
        "scale": [
            0.20000000000000001,
            0.20000000000000001
        ]
    },
    "differential": [
        "leafs",
        [
            "before",
            {
                "alpha": 0,
                "offset": [
                    0,
                    -74
                ],
                "angle": 0,
                "scale": [
                    0.20000000000000001,
                    0.20000000000000001
                ]
            },
            "inbetween",
            {
                "alpha": 1,
                "offset": [
                    0,
                    -74
                ],
                "angle": 0,
                "scale": [
                    1,
                    1
                ]
            }
        ]
    ]
}