{
  "initial": {
    "alpha": 1,
    "offset": [
      -86.435,
      -731.57
    ],
    "angle": 36,
    "scale": [
      1,
      1
    ]
  },
  "differential": [
    "leafs",
    [
      "after",
      {
        "alpha": 1,
        "offset": [
          -7.98499999999999,
          -70.91
        ],
        "angle": 0.628318530717959,
        "scale": [
          1,
          1
        ]
      }
    ]
  ]
}