{
  "initial": {
    "alpha": 1,
    "offset": [
      1339,
      19.5
    ],
    "angle": 0,
    "scale": [
      0.166666666666667,
      0.12621359223301
    ]
  },
  "differential": [
    "leafs",
    [
      "inbetween",
      {
        "alpha": 1,
        "offset": [
          -89,
          -96.5
        ],
        "angle": -0.349065850398866,
        "scale": [
          1,
          1
        ]
      }
    ]
  ]
}